Ots_100884-287,T,C,ATAGAACTACAATTCACATATAT,AACTACAATTCGCATATAT
Ots_105132-200,G,T,CAAGAGTGGCATAAAA,CAAGAGTGGAATAAAA
Ots_110551-64,C,A,ACGCTCGGAACATT,ACGCTCTGAACATT
Ots_117432-409,A,G,TTTAGACTTTGCTCTATAACAG,ACTTTGCTCCATAACAG
Ots_94903-99R,G,T,CAAACCAGCAAACAT,ACAAACCAGAAAACAT
Ots_cox1-241,C,T,CACTACGGTAAGACCAT,CACTACAGTAAGACCAT
Ots_GTH2B-550,C,G,TTAATGCTGCAGATGTTAT,ATGCTGCACATGTTAT
Ots_mapKpr-151,A,T,CATGCATTGCACATAC,CATGCAATGCACATAC
Ots_OTALDBINT1-SNP1,T,C,CTACTGTTGTATTTTCTC,CTGTTGTGTTTTCTC
Ots_Prl2,A,G,ATGTATTGTTCATTTAATG,TGTATTGTTCGTTTAATG
Ots_TGFB,C,T,CTTCCGAGAGCTAGGCT,CTTCCGAGAACTAGGCT
Ots_u07-25.325,T,C,CCGCTTGAAAGTTTGA,CGCTTGAAGGTTTGA
Ots_101554-407,C,G,ATGGAGGATTGTGGTTGT,ATGGAGGATTCTGGTTGT
Ots_105385-421,A,G,CCTCCTGGGTATATCG,CTCCTGGGCATATCG
Ots_110689-218,T,G,CACCAATCAATTAATTATT,ACCAATCAATTCATTATT
Ots_118205-61,T,C,TAGTAGCCCCTACACCTC,TAGCCCCTGCACCTC
Ots_96500-180,G,T,AAAACAAATCATTTTTCG,AAAAACAAATAATTTTTCG
Ots_E2-275,A,G,CCCCCATATTGCTG,CCCCACATTGCTG
Ots_HMGB1-73,G,T,ACTGTATATGTTACGTTTTC,ACTGTATATGTTAAGTTTTC
Ots_MHC1,G,A,CATCATCCCGTGAGCAG,TCATCATCCCATGAGCAG
Ots_OTDESMIN19-SNP1,C,A,CCAGTCATGGGTCATT,TCCAGTCATTGGTCATT
Ots_RAG3,C,T,CTCTACAGTATGAACTATG,CTCTACAATATGAACTATG
Ots_Thio,T,C,CAGTGTATTAGTCATTCTTA,CAGTGTATTAGTCGTTCTTA
Ots_u07-49.290,G,A,CTTTCCCCGTGTTGGT,ACTTTCCCTGTGTTGGT
Ots_101704-143,T,G,CTTAGACGTCAGAGGTC,CTTAGACGTCCGAGGTC
Ots_105407-117,T,A,CAGGTTAGGAATGGTTG,CAGGTTAGGATTGGTTG
Ots_112301-43,T,C,CGTCGCATTCAGC,CGTCGCGTTCAGC
Ots_118938-325,C,T,AGAGATGCAAAGTGGAGTT,AGAGATGCAAAATGGAGTT
Ots_96899-357R,T,A,CTGAATGTTTTTTTTAATCTTT,CTGAATGTTTTTTTTTATCTTT
Ots_Est740,T,C,TCTGGATGGAACCGTTAG,CTGGATGGAGCCGTTAG
Ots_hsc71-3'-488,C,T,TTTCCAATGGTATAGATATGA,TTTCCAATGATATAGATATGA
Ots_MHC2,T,G,CTGGAGCGTTTCTGTA,CTGGAGCGTGTCTGTA
Ots_OTSTF1-SNP1,G,T,CCGCCACCTTGGCT,CGCCACATTGGCT
Ots_redd1-187,A,G,ATTCTGACAGCTGTTTTG,CTGACAGCCGTTTTG
Ots_TLR3,C,T,CTGTGGTTTGTGGCGTG,CTGTGGTTTGTAGCGTG
Ots_u1002-75,T,C,ATGGCCCTTACACTATC,TGGCCCTTACGCTATC
Ots_102414-395,A,G,CACATAGTGTAGCTTTACTAC,CACATAGTGTAGCTCTACTAC
Ots_108820-336,G,A,ATTGCCCATCTCAGAATA,AATTGCCCATCTTAGAATA
Ots_112419-131,A,T,AAGCGACTTGATTATC,AGCGACATGATTATC
Ots_123921-111,A,G,TGCTAAATGGCATATATTAT,CTAAATGGCACATATTAT
Ots_ARNT,G,T,TACAGATGTCATTTTAC,CTACAGATGTAATTTTAC
Ots_ETIF1A,A,C,CAACTGAAGAAAATAATATG,CTGAAGAAAAGAATATG
Ots_HSP90B-100,C,T,TCTATGGTGTGATTCATT,TTCTATGGTGTAATTCATT
Ots_mybp-85,C,T,AGAGCATGTAGTTTTG,AGCATGTAATTTTG
Ots_P53,G,A,CTGGGTCGGCGCT,TGGGTCGACGCTC
Ots_S7-1,T,C,TACAGGAGATAAGGTCGCA,CAGGAGATAGGGTCGCA
Ots_tpx2-125,C,T,CAGGCGGTTCTCC,CAGGCAGTTCTCC
Ots_u211-85,C,T,TCCCAAAGTCGAGTGTG,CCCAAAGTCAAGTGTG
Ots_102801-308,C,A,AGGGACAGTTTCGCAGACG,AAGGGACAGTTTCTCAGACG
Ots_109525-816,C,T,CATGAGGCGTTCGGC,ATGAGGCATTCGGC
Ots_112820-284,C,T,ACTCACACTCGAGTGACT,ACTCACACTCAAGTGACT
Ots_124774-477,T,C,CCACCGCCATCTGATA,CACCGCCGTCTGATA
Ots_AsnRS-60,T,C,TGAGTCCCTGACCAGC,AGTCCCCGACCAGC
Ots_FGF6B_1,A,C,CCTGTTATCAGACCCAAAT,CTGTTATCAGCCCCAAAT
Ots_IGF-I.1-76,A,T,CTGCCTAGTTAAATAAAATA,CTGCCTAGTTAAATTAAATA
Ots_NFYB-147,C,T,TGTTCCAATGTAAAATGTATGC,TTCCAATGTAAAATATATGC
Ots_parp3-286,A,G,AGTTACAAGTGGTGTTTCA,ACAAGTGGCGTTTCA
Ots_SClkF2R2-135,A,T,ATTCAAAGTCAAATTTT,ATTCAAAGTCTAATTTT
Ots_txnip-321,T,C,TCTGGCGGATTTACA,CTGGCGGGTTTACA
Ots_u4-92,T,C,CTGTGTTGAATTTAACATAAT,TCTGTGTTGAATTTAACGTAAT
Ots_103122-180,T,C,CATCAACACAATCTGC,CATCAACACGATCTGC
Ots_110064-383,C,T,CTACGTAATGAACGTTAGCT,ACGTAATGAACATTAGCT
Ots_112876-371,C,A,CATCACAACGATGTGTG,CACATCACAACTATGTGTG
Ots_128757-61R,A,-,TTGTGCATTTTCCCC,TGTGCATTTCCCCC
Ots_brp16-64,T,C,AAGTCAGCATCTTTCA,AGTCAGCGTCTTTCA
Ots_GCSH,C,T,TATCTGGGCGGGCTG,CTATCTGGACGGGCTG
Ots_Ikaros-250,G,A,ACAGAAGATTTTCGGCTGC,ACAGAAGATTTTCGACTGC
Ots_nkef-192,C,T,AATAGGCCGACATCAA,AAATAGGCCAACATCAA
Ots_pigh-105,A,-,TGACCTGAAAATATATATTTTT,ACCTGAAAATATATTTTTTT
Ots_u07-07.161,C,T,ATCAGTGACATAAGTTGTCCA,TCAGTGACATAAATTGTCCA
Ots_u6-75,C,T,TTAGTCAACTGTTGTTTTT,TTAGTCAACTGTTATTTTT
Ots_104415-88,C,T,TCCTGAAAAACGACATCC,CTGAAAAACAACATCC
Ots_110201-363,A,T,TGGATGCCAGTTTTAAAA,TGGATGCCAGTTTAAAAA
Ots_113242-216,C,T,ATTACCAACGGAGAACC,TTACCAACAGAGAACC
Ots_129458-451,T,C,CATCTGGCAATGCCTT,CATCTGGCAGTGCCTT
Ots_CD59-2,G,A,CTAAAATGTCATGTAAATAT,ACTAAAATGTCATATAAATAT
Ots_GDH-81x,C,-,TGTTACGGGACATACT,TCTGTTACGGACATACT
Ots_IL8R_C8,C,T,CTGGACGCCGTTACA,TGGACGCCATTACA
Ots_NOD1,C,G,CCAACGGCGACTTG,CCAACGCCGACTTG
Ots_pop5-96,T,C,TTCTGTTACTGGACTGATG,CTGTTACTGGGCTGATG
Ots_SWS1op-182,T,A,ATGTACTTTAACGATTCATTT,ATGTACTTTAACGTTTCATTT
Ots_u07-17.135,A,G,AAAATGTACCACATACTTGT,AAATGTACCACATACTCGT
Ots_unk526,A,G,CAACATTCCAGTCTGAAAC,CATTCCAGCCTGAAAC
Ots_105105-613,C,G,CCGAGCTTGAGTTAGGA,CCGAGCTTGACTTAGGA
Ots_110495-380,G,C,ATGGCCCCTGTCTATG,ATGGCCCCTGTGTATG
Ots_115987-325,T,G,ATGCATAAAAGGTAATTGTG,ATGCATAAAAGGTCATTGTG
Ots_94857-232R,T,C,CAGGATAATAACAAACAAG,CAGGATAATAACGAACAAG
Ots_CirpA,C,T,AATGCATTACAGAACTGA,AATGCATTACAAAACTGA
Ots_GPH-318,C,T,ATCAAGCTGACGAACCA,CAAGCTGACAAACCA
Ots_mapK-3'-309,T,G,ATGCTATTAAATGAATATTC,ATGCTATTAAATGACTATTC
Ots_ntl-255,T,A,TTGTAGAGGAAGAATATTC,TTGTAGAGGAAGTATATTC
Ots_ppie-245,C,A,ATGTCTGAAATGAAAGCC,AATGTCTGAAATTAAAGCC
Ots_TAPBP,C,T,CTGGACAGCTGGTCC,CTGGACAACTGGTCC
Ots_u07-18.378,A,T,ATATGGTATGTAGAGGCTAGTTA,TATGTAGAGGCAAGTTA
Ots_vatf-251,G,-,AGACCACAAGATACAGTACC,AGACCACAAGATA--GTACC
